H1	Hook 1	https://d8j0ntlcm91z4.cloudfront.net/user_3IlTIleUqdksHUuNWaJnSBuISip/hf_20261007_115834_ab38e6b9-0042-4642-b1b0-b6e5483966c1.mp4	-	2.64	I'm not allowed to tell you who made this wine.
H2	Hook 2	https://d8j0ntlcm91z4.cloudfront.net/user_3IlTIleUqdksHUuNWaJnSBuISip/hf_20261007_115836_3fcf766e-642a-4348-8c0d-db38b3d2fae5.mp4	-	4.08	We discounted this wine so much, we had to sign an NDA.
H3	Hook 3	https://d8j0ntlcm91z4.cloudfront.net/user_3IlTIleUqdksHUuNWaJnSBuISip/hf_20261007_115839_4e170236-2772-4a20-a7cd-c35b8091dfd3.mp4	-	3.96	This wine is so discounted, the producer is anonymous.
H4	Hook 4	https://d8j0ntlcm91z4.cloudfront.net/user_3IlTIleUqdksHUuNWaJnSBuISip/hf_20261007_115840_c890f479-771d-485b-9716-369360a4c2d6.mp4	-	3.74	This wine's story will make you love the deal even more.
B01	Gap	https://d8j0ntlcm91z4.cloudfront.net/user_3IlTIleUqdksHUuNWaJnSBuISip/hf_20261007_115843_4293f14c-6749-47d2-87fb-439e69dab61e.mp4	https://d2ol7oe51mr4n9.cloudfront.net/user_3IlTIleUqdksHUuNWaJnSBuISip/d126f634-f048-415c-8555-ce2c54eca88b.mp4	9.65	I can tell you where it's from, though. In the thirteen hundreds the Pope moved his court to Avignon, and the vineyards just up the river became the papal wine supply.
B02	Gap	https://d8j0ntlcm91z4.cloudfront.net/user_3IlTIleUqdksHUuNWaJnSBuISip/hf_20261007_120045_080ad028-524b-4201-849d-3e69d1abdd80.mp4	-	4.81	The village is still called Châteauneuf-du-Pape, the Pope's new castle.
B03	Stake + mechanism	https://d8j0ntlcm91z4.cloudfront.net/user_3IlTIleUqdksHUuNWaJnSBuISip/hf_20261007_115845_0b133eca-e2ef-4417-a965-f74eb452a6fe.mp4	-	9.96	The vineyards look surprisingly like a dry riverbed. They're covered in galets roulés, round stones the Rhône left behind, which soak up the sun all day and keep the vines warm at night.
B04	Stake + mechanism	https://d8j0ntlcm91z4.cloudfront.net/user_3IlTIleUqdksHUuNWaJnSBuISip/hf_20261007_115847_a26af6c0-392e-40d4-8f78-83f466bcc67b.mp4	-	7.87	Every grape is picked by hand, and the growers wrote their own quality rules in the nineteen-twenties, before France even had a national system.
B05	Revelation	https://d8j0ntlcm91z4.cloudfront.net/user_3IlTIleUqdksHUuNWaJnSBuISip/hf_20261007_115849_e6f1664f-61c6-4a7a-9356-ca8dabe2f45b.mp4	https://d2ol7oe51mr4n9.cloudfront.net/user_3IlTIleUqdksHUuNWaJnSBuISip/51b70857-223e-4710-9fbb-37615eabdbd1.mp4	7.75	This one comes from a producer behind some of the region's best-known bottles. He bottled this to create a new staple of the appellation.
B06	Revelation	https://d8j0ntlcm91z4.cloudfront.net/user_3IlTIleUqdksHUuNWaJnSBuISip/hf_20261007_120049_04e3ba9f-73a8-484a-b33c-ebac8b86b00f.mp4	-	9.09	But they made it for us on one condition: their name stays off the front. If you want to know who it is, you'll have to buy a bottle.
B07	Revelation	https://d8j0ntlcm91z4.cloudfront.net/user_3IlTIleUqdksHUuNWaJnSBuISip/hf_20261007_115852_9ad9650a-8bbf-4226-82ff-c178a4516222.mp4	-	7.96	It has an intense, typically Châteauneuf flavour of black fruit, spicy black pepper, wild herbs and an undertone of leather to finish.
B08	Payoff + proof	https://d8j0ntlcm91z4.cloudfront.net/user_3IlTIleUqdksHUuNWaJnSBuISip/hf_20261007_115854_8e9506e7-7c03-4169-9519-c03c29356248.mp4	-	9.96	It's a top one percent wine in the world. Jeb Dunnuck, who's spent years tasting just Rhône reds, gave it ninety-three. Jeff Leve and Vinous both have it above ninety as well.
B09	CTA	https://d8j0ntlcm91z4.cloudfront.net/user_3IlTIleUqdksHUuNWaJnSBuISip/hf_20261007_120051_747382b9-6828-400a-8163-b2ee11012ac1.mp4	-	4.17	It should be eighty pounds per bottle. On Winedrops it's just twenty.
B10	CTA	https://d8j0ntlcm91z4.cloudfront.net/user_3IlTIleUqdksHUuNWaJnSBuISip/hf_20261007_115856_7a3050f9-71ee-4fed-a07a-8e3163d64720.mp4	-	5.60	But it's one of the region's best. This deal will end, so get it while you can.
