H1	Hook 1	https://d8j0ntlcm91z4.cloudfront.net/user_3IlTIleUqdksHUuNWaJnSBuISip/hf_20261007_142109_232ecc55-f057-47ad-8fe3-134056c5e3c1.mp4	-	8.48	In nineteen seventy-six, nine French judges tasted wine blind and picked a California Cabernet over Bordeaux.
H2	Hook 2	https://d8j0ntlcm91z4.cloudfront.net/user_3IlTIleUqdksHUuNWaJnSBuISip/hf_20261007_131103_2bcc34e3-fb67-451b-ba24-b01f9bfc831c.mp4	-	4.92	By nineteen seventy-six, America had beaten France at growing their own grapes.
H3	Hook 3	https://d8j0ntlcm91z4.cloudfront.net/user_3IlTIleUqdksHUuNWaJnSBuISip/hf_20261007_131112_9a4578db-0b84-4c18-b01e-1e4f028639a4.mp4	-	5.70	After the Judgment of Paris, America became the best red wine grower in the world.
B00	Interrupt (after hook)	https://d8j0ntlcm91z4.cloudfront.net/user_3IlTIleUqdksHUuNWaJnSBuISip/hf_20261007_131121_ea52c0b2-9041-44ab-91a4-3f882c7cd607.mp4	-	5.33	Stick around and I'll tell you how you can get a bottle for over seventy percent off.
B01	Gap	https://d8j0ntlcm91z4.cloudfront.net/user_3IlTIleUqdksHUuNWaJnSBuISip/hf_20261007_142112_1b1b94d3-3da2-4fbd-9345-ab86214d3d7f.mp4	-	8.39	In nineteen seventy-six, at the Judgment of Paris, America produced a French-style wine, better than the French.
B02	Gap	https://d8j0ntlcm91z4.cloudfront.net/user_3IlTIleUqdksHUuNWaJnSBuISip/hf_20261007_131129_5719d3c3-dc46-470c-a5c0-4101ed5d69c4.mp4	-	7.63	Nine French judges sat and drank Cabernet Sauvignon, held up the unmarked bottle, and called it the best in the world.
B03	Gap	https://d8j0ntlcm91z4.cloudfront.net/user_3IlTIleUqdksHUuNWaJnSBuISip/hf_20261007_133855_267e9952-0fcd-43e3-8fa0-08fe6a732669.mp4	-	8.27	The winning red came from the Stags Leap District in Napa, and the story was so famous, the bottle ended up in the Smithsonian.
B04	Gap	https://d8j0ntlcm91z4.cloudfront.net/user_3IlTIleUqdksHUuNWaJnSBuISip/hf_20261007_133858_19d829d3-66bf-4fb9-9ae7-c36e9294113c.mp4	-	6.01	After that, Napa wasn't farm country any more. It was the most famous red wine name in America.
B05	Stake + mechanism	https://d8j0ntlcm91z4.cloudfront.net/user_3IlTIleUqdksHUuNWaJnSBuISip/hf_20261007_133901_cdc37f60-cb15-4489-b3e4-c741ff1ff408.mp4	-	9.67	Napa as a region is really small. The whole valley is a fraction of the size of Bordeaux, and that means prime vineyard land goes for half a million dollars an acre.
B06	Stake + mechanism	https://d8j0ntlcm91z4.cloudfront.net/user_3IlTIleUqdksHUuNWaJnSBuISip/hf_20261007_133905_b386a9e9-1ea5-459a-a8e5-7ad38c0fb059.mp4	-	8.65	Most of the county is protected from development, so it can't get any bigger. So Napa producers can afford to charge hundreds per bottle.
B07	Revelation	https://d8j0ntlcm91z4.cloudfront.net/user_3IlTIleUqdksHUuNWaJnSBuISip/hf_20261007_133908_a3d237fc-b778-4dd9-adb8-9d71f4b64080.mp4	-	6.91	Raptor and Crimson is made by Kevin Morrissey, who grew market standard wines at Etude and Ehlers Estate.
B08	Revelation	https://d8j0ntlcm91z4.cloudfront.net/user_3IlTIleUqdksHUuNWaJnSBuISip/hf_20261007_133911_92f74b99-8933-4b41-818f-f69399fb349e.mp4	-	7.81	He pulls Cabernet from Stags Leap District, Oakville, Atlas Peak and Diamond Mountain, where the best vines are found.
B09	Revelation	https://d8j0ntlcm91z4.cloudfront.net/user_3IlTIleUqdksHUuNWaJnSBuISip/hf_20261007_142116_447e0d08-0c0d-4246-8cb0-a1d2cb9aec57.mp4	https://d2ol7oe51mr4n9.cloudfront.net/user_3IlTIleUqdksHUuNWaJnSBuISip/09819edf-c005-4188-8f67-412ea02d8416.mp4	9.83	He mixes this with more recent vines, to give some freshness to the blend, then ages it for eighteen months in American oak. And the result is stunning.
B10	Revelation	https://d8j0ntlcm91z4.cloudfront.net/user_3IlTIleUqdksHUuNWaJnSBuISip/hf_20261007_142118_cedab95a-656b-4ea8-807b-ca15d282ac49.mp4	-	9.89	You get this potent hit of blackcurrant, plum and espresso to start, before the taste mellows on the palate, fading to subtle dark chocolate and tobacco notes that sit long on the tongue.
B11	Payoff + proof	https://d8j0ntlcm91z4.cloudfront.net/user_3IlTIleUqdksHUuNWaJnSBuISip/hf_20261007_142121_317069d9-87cb-49e0-983a-fb9740379157.mp4	-	8.59	And it shows. The Tasting Panel gave it ninety-six points, and Vivino drinkers put it in the top four percent of wines in the world.
B12	Payoff + proof	https://d8j0ntlcm91z4.cloudfront.net/user_3IlTIleUqdksHUuNWaJnSBuISip/hf_20261007_142128_fc12f8c7-5bcc-4bd6-8faa-7431e5ddd270.mp4	-	4.41	This wine is so special, and it's a privilege to have a bottle.
B13	CTA	https://d8j0ntlcm91z4.cloudfront.net/user_3IlTIleUqdksHUuNWaJnSBuISip/hf_20261007_142743_5bcf0cae-d839-4b2c-b903-84c0979f4d30.mp4	-	5.49	And that's because it should be eighty-five dollars per bottle. But, do it the smart way.
B14	CTA	https://d8j0ntlcm91z4.cloudfront.net/user_3IlTIleUqdksHUuNWaJnSBuISip/hf_20261007_142131_e158b5f9-a871-4b46-be1a-fa59e00d61f7.mp4	-	5.57	Click below and the link will give you a case of six for just twenty dollars per bottle.
B15	CTA	https://d8j0ntlcm91z4.cloudfront.net/user_3IlTIleUqdksHUuNWaJnSBuISip/hf_20261007_142224_2cdcbf5a-e562-42d9-a2c3-ce9f15dce111.mp4	-	6.30	Now you can enjoy the very best of American heritage, for as much as a bottom shelf Costco.
