H1	Hook 1	https://d8j0ntlcm91z4.cloudfront.net/user_3IlTIleUqdksHUuNWaJnSBuISip/hf_20261008_090712_f7d8a9df-df05-4583-b9f7-b632906703da.mp4	https://d8j0ntlcm91z4.cloudfront.net/user_3IlTIleUqdksHUuNWaJnSBuISip/hf_20261008_091444_d1fdb19b-8276-4e86-b758-a5f7aeedde00.mp4	4.76	Before that timer runs out, I'm going to tell you about a wine that's got an NDA.
H2	Hook 2	https://d8j0ntlcm91z4.cloudfront.net/user_3IlTIleUqdksHUuNWaJnSBuISip/hf_20261008_093357_dbdd86b5-af35-4752-97b9-9df39c520e34.mp4|https://d8j0ntlcm91z4.cloudfront.net/user_3IlTIleUqdksHUuNWaJnSBuISip/hf_20261008_092543_e5f975fe-00cf-4908-aa00-e6f192450e6c.mp4	https://d8j0ntlcm91z4.cloudfront.net/user_3IlTIleUqdksHUuNWaJnSBuISip/hf_20261008_093745_8efcb8fa-49ba-4b68-bea8-2612619a72e0.mp4|https://d8j0ntlcm91z4.cloudfront.net/user_3IlTIleUqdksHUuNWaJnSBuISip/hf_20261008_093747_67edac48-403a-429b-bcb4-62ea47fa3f53.mp4	3.25|0.68|2.45	There are only a few hundred bottles of this left, and the timer's already running.
H3	Hook 3	https://d8j0ntlcm91z4.cloudfront.net/user_3IlTIleUqdksHUuNWaJnSBuISip/hf_20261008_091843_8f05302c-16d1-409b-a154-18232d236633.mp4	https://d8j0ntlcm91z4.cloudfront.net/user_3IlTIleUqdksHUuNWaJnSBuISip/hf_20261008_092732_a1320a44-8575-40d2-ac20-cd6b7991bbb0.mp4	6.48	Seven hundred years ago this was the Pope's wine. You've got until that clock stops to try it.
B01	Gap	https://d8j0ntlcm91z4.cloudfront.net/user_3IlTIleUqdksHUuNWaJnSBuISip/hf_20261008_091200_3a27ae18-745d-4172-bdc9-152ca79fc156.mp4	https://d8j0ntlcm91z4.cloudfront.net/user_3IlTIleUqdksHUuNWaJnSBuISip/hf_20261008_092734_def45691-9908-42c9-9e05-225ffb927c24.mp4	8.77	In the thirteen hundreds the Pope moved his court to Avignon, and the vineyards up the river became the papal wine supply.
B02	Gap	https://d8j0ntlcm91z4.cloudfront.net/user_3IlTIleUqdksHUuNWaJnSBuISip/hf_20261008_091159_ce46a2ce-5bce-4e67-8440-404e0963013b.mp4	https://d8j0ntlcm91z4.cloudfront.net/user_3IlTIleUqdksHUuNWaJnSBuISip/hf_20261008_092105_aaef6d57-5eb0-4efc-be92-c869ad873dbf.mp4	5.59	The village is still called Châteauneuf-du-Pape, the Pope's new castle.
B03	Stake	https://d8j0ntlcm91z4.cloudfront.net/user_3IlTIleUqdksHUuNWaJnSBuISip/hf_20261008_091200_e3e91a9f-384a-4aa1-be80-f3b4b109b552.mp4	https://d8j0ntlcm91z4.cloudfront.net/user_3IlTIleUqdksHUuNWaJnSBuISip/hf_20261008_092108_590f5905-a171-45cc-99d6-1a731b9e513e.mp4	9.23	The vineyards are covered in galets roulés, that act like pocket radiators, soaking up the sun all day and warming the vines at night.
B04	Stake	https://d8j0ntlcm91z4.cloudfront.net/user_3IlTIleUqdksHUuNWaJnSBuISip/hf_20261008_091200_c12e0732-47b8-42de-8f45-235bacc0c046.mp4	https://d8j0ntlcm91z4.cloudfront.net/user_3IlTIleUqdksHUuNWaJnSBuISip/hf_20261008_092110_f15d07b0-4403-4daa-b992-cbb259e1a8b8.mp4	9.59	That gives the grapes even juicier, and more vibrant flavours than anywhere else. And that means a full-bodied wine that is surprisingly light on the palate.
B05	Revelation	https://d8j0ntlcm91z4.cloudfront.net/user_3IlTIleUqdksHUuNWaJnSBuISip/hf_20261008_091209_82fd80a7-b0d6-4973-90a0-8016f06621be.mp4	https://d8j0ntlcm91z4.cloudfront.net/user_3IlTIleUqdksHUuNWaJnSBuISip/hf_20261008_092112_af4da0da-d02f-49f8-bc5f-08b00b49f06b.mp4	9.65	There's these gorgeous strong notes of black fruit and black pepper. Underneath, there are some fresh wild herbs and a bit of leather to round out the flavour.
B06	Revelation	https://d8j0ntlcm91z4.cloudfront.net/user_3IlTIleUqdksHUuNWaJnSBuISip/hf_20261008_091206_ecd5812e-950a-4d30-8e12-3449adb4d2b6.mp4	https://d8j0ntlcm91z4.cloudfront.net/user_3IlTIleUqdksHUuNWaJnSBuISip/hf_20261008_092114_17b855da-b04e-4efd-87d1-1b2b949f3537.mp4	8.59	That bold flavour is why Jeb Dunnuck gave it a ninety-three rating. Nearly flawless. By the way, that clock's still ticking.
B07	CTA	https://d8j0ntlcm91z4.cloudfront.net/user_3IlTIleUqdksHUuNWaJnSBuISip/hf_20261008_091206_d05405f4-9df2-4c6a-80ba-69fb85079833.mp4	https://d8j0ntlcm91z4.cloudfront.net/user_3IlTIleUqdksHUuNWaJnSBuISip/hf_20261008_092116_15a14038-ae05-410f-bd90-d4b281e49fc4.mp4	7.91	Thing is, it should be eighty pounds per bottle. But on Winedrops, you can get six for less than the price of two.
B08	CTA	https://d8j0ntlcm91z4.cloudfront.net/user_3IlTIleUqdksHUuNWaJnSBuISip/hf_20261008_091206_28e7c547-798f-491e-a27d-83483b3d92e2.mp4	https://d8j0ntlcm91z4.cloudfront.net/user_3IlTIleUqdksHUuNWaJnSBuISip/hf_20261008_092736_452eae3c-3aa6-4e08-9420-9477136da320.mp4	9.96	A hundred and twenty-five pounds, with free delivery. But the deal won't last longer than this timer, so don't keep scrolling and miss out. Tap below.
